kVA,ratedV1,ratedV2,z1_re,z1_im,z2_re,z2_im,y_re,y_im
75,2400,240,0.612,1.2,0.0061,0.0115,0.000192,-0.000852